"","user_id","email","first_name","last_name"
"1","4dBdXURAz3","user_6@example.com","Jacques","Cuellar"
"2","fBYRtPtAlC","user_7@example.com","John","Smith"
"3","PNISGXVjCpnhexk","user_0@example.com","Yadira","Irving"
"4","PNIABp6mSpnhexq","user_9@example.com","Qiana","Walk"
"5","PNIHNSuFZpnhey1","user_5@example.com","Vella","Lynam"
"6","gXWj37JC5d","user_8@example.com","Shaun","Kreiger"
"7","oh4mHXh8zN","user_3@example.com","Julie","Mosser"
"8","oi6IhEzu9R","user_2@example.com","Leatrice","Oquinn"
"9","uxz2jFwr5I","user_1@example.com","Benito","Festa"
"10","zSbmdNiSHH","user_4@example.com","Taryn","Jaycox"
"","user_id","email","first_name","last_name"
"1","4dBdXURAz3","user_6@example.com","Jacques","Cuellar"
"2","fBYRtPtAlC","user_7@example.com","John","Smith"
"3","PNISGXVjCpnhexk","user_0@example.com","Yadira","Irving"
"4","PNIABp6mSpnhexq","user_9@example.com","Qiana","Walk"
"5","PNIHNSuFZpnhey1","user_5@example.com","Vella","Lynam"
"6","gXWj37JC5d","user_8@example.com","Shaun","Kreiger"
"7","oh4mHXh8zN","user_3@example.com","Julie","Mosser"
"8","oi6IhEzu9R","user_2@example.com","Leatrice","Oquinn"
"9","uxz2jFwr5I","user_1@example.com","Benito","Festa"
"10","zSbmdNiSHH","user_4@example.com","Taryn","Jaycox"
"","user_id","email","first_name","last_name"
"1","4dBdXURAz3","user_6@example.com","Jacques","Cuellar"
"2","fBYRtPtAlC","user_7@example.com","John","Smith"
"3","PNISGXVjCpnhexk","user_0@example.com","Yadira","Irving"
"4","PNIABp6mSpnhexq","user_9@example.com","Qiana","Walk"
"5","PNIHNSuFZpnhey1","user_5@example.com","Vella","Lynam"
"6","gXWj37JC5d","user_8@example.com","Shaun","Kreiger"
"7","oh4mHXh8zN","user_3@example.com","Julie","Mosser"
"8","oi6IhEzu9R","user_2@example.com","Leatrice","Oquinn"
"9","uxz2jFwr5I","user_1@example.com","Benito","Festa"
"10","zSbmdNiSHH","user_4@example.com","Taryn","Jaycox"
"","user_id","email","first_name","last_name"
"1","4dBdXURAz3","user_6@example.com","Jacques","Cuellar"
"2","fBYRtPtAlC","user_7@example.com","John","Smith"
"3","PNISGXVjCpnhexk","user_0@example.com","Yadira","Irving"
"4","PNIABp6mSpnhexq","user_9@example.com","Qiana","Walk"
"5","PNIHNSuFZpnhey1","user_5@example.com","Vella","Lynam"
"6","gXWj37JC5d","user_8@example.com","Shaun","Kreiger"
"7","oh4mHXh8zN","user_3@example.com","Julie","Mosser"
"8","oi6IhEzu9R","user_2@example.com","Leatrice","Oquinn"
"9","uxz2jFwr5I","user_1@example.com","Benito","Festa"
"10","zSbmdNiSHH","user_4@example.com","Taryn","Jaycox"
"","user_id","email","first_name","last_name"
"1","4dBdXURAz3","user_6@example.com","Jacques","Cuellar"
"2","fBYRtPtAlC","user_7@example.com","John","Smith"
"3","PNISGXVjCpnhexk","user_0@example.com","Yadira","Irving"
"4","PNIABp6mSpnhexq","user_9@example.com","Qiana","Walk"
"5","PNIHNSuFZpnhey1","user_5@example.com","Vella","Lynam"
"6","gXWj37JC5d","user_8@example.com","Shaun","Kreiger"
"7","oh4mHXh8zN","user_3@example.com","Julie","Mosser"
"8","oi6IhEzu9R","user_2@example.com","Leatrice","Oquinn"
"9","uxz2jFwr5I","user_1@example.com","Benito","Festa"
"10","zSbmdNiSHH","user_4@example.com","Taryn","Jaycox"
